"2013-04-23T06:17:19Z"	"http://www.madformakeup.co.uk/index.asp?function=CART"	"Mad For Makeup"	"Mad For Makeup ? View Cart? |? Checkout Tuesday?23-Apr-2013 News Widget ? Search Shop Browse Categories >?Fragrance >?Haircare >?Jewellery >?Makeup >?Nails >?Pigment Eyeshadows >?Skincare >?Tools & Ac"	"12:r2aOvDZRQD/BdACxDWDBtqEpEH0DG95Ssr3D1AIHERTyVR/q0DUhWTCpS0q/aXKO:GR4BdA4YfqSGOEAI4TyVR/qlW9HSXz"	"c9acb50a288acbf628ca2e65cb1f4298"
"2013-05-14T04:02:30Z"	"http://sk.pro.org.uk/classified/Directory?a=viewcountry&rd=1&cat=47&name=Opatrovate%C4%BEka%20a%20Opatrovanie%20det%C3%AD&city=clizsky%20narad&range=30"	"pro.org.uk Global classifieds, post your Adverts with us"	"pro.org.uk Global classifieds, post your Adverts with us Pro Global Classifieds Other services: Professions Parking and Storage Space Domov Pr?spevok po?iada? Zobrazi? Inzer?ty Nap?te n?m Prihl?si? sa"	"192:xc9gnfrPAnpP0Lzp44g9RuUzPCX1+7GwITuBItAaGzI3OWzJXsl+i82KAlJaHzOt:x0gnfrPApcLzp44QRugaF+7GwVBIoOJE"	"d41d8cd98f00b204e9800998ecf8427e"
"2013-05-14T07:47:33Z"	"http://www.transportarchive.org.uk/printMapObject.php?rnum=T2369&mapid=379394.jpg&mlsref=1194&cmn=Manchester%20Docks&pn=3&mp=19&all=yes&whereFrom=t"	"Print an image from the Transport Archive"	"Print an image from the Transport Archive Printout from Bridging the Years: Former Port Police Building on Salford Quays T2369.?The Manchester Ship Canal Company had its own Dock Police, whose jurisdi"	"24:J/SVg1fuHYtkTjnc1jF4V4QFWF5IJPZzGrIuGgnfr/P:pSVgA4kTUKVjFxJPcIibP"	"b947f9658f7bc79db8f90d7c8d02e363"
"2013-05-07T02:34:35Z"	"http://www.imgj.co.uk/index.php/component/mailto/?tmpl=component&template=rt_ximenia&link=2fbbdbda08500bb4310232d8023ba5c77da544e5"	"imgj interactive media | Strony www chorz?w, strony www katowice, strony www, budowa strony www, budowa strony www chorz?w, budowa strony www katowice, zak?adanie strony www, zak?adanie strony www cho"	"imgj interactive media | Strony www chorz?w, strony www katowice, strony www, budowa strony www, budowa strony www chorz?w, budowa strony www katowice, zak?adanie strony www, zak?adanie strony www cho"	"24:mIUMUr4s9ZNx9yeskzW/rrIdRW0SZLMHy4DsiD9798lV0TpQ:9UMUr4s9ZNx9ye+1ZLMHyysIA3"	"cae447b0961f1f176a8d266ea6ec3d1b"
"2013-05-12T22:52:27Z"	"http://www.5pm.co.uk/restaurant/glasgow/west-end/ashoka_ashton_lane/review/113142/"	"User Review of Ashoka Ashton Lane by Kenny Lang on 12/04/2013"	"User Review of Ashoka Ashton Lane by Kenny Lang on 12/04/2013 My Account Login | Register for free My Account | Sign Out Login with Facebook The Big Deal Restaurant Offers Health & Beauty Offers Order"	"48:iTvQHGCn5FkQp/B9CsZKXggF58MJFSug6Z2X+0xciz:iTzC5FNB9CugF58M06Wxciz"	"7629c57db47f9a459194a356d8037b88"
"2013-04-25T18:04:23Z"	"http://www.theoaklands.org.uk/images/govs_zone/guidance_govs.gif"	""	""	"3::"	"b354252c2aaa77003eec8674c19a0714"
"2013-04-17T10:00:31Z"	"http://www.pyloncompensation.co.uk/images/contact.gif"	""	""	"3::"	"4ec1442932464275799a0cfbd0b4ea75"
"2013-06-12T20:38:04Z"	"http://mannegertonexeter.volkswagen.co.uk/assets/common/pdf/brochures/old-brochure/Golf/Golf-GTI-November-2006.pdf"	"untitled"	"untitled Overview | Equipment | Colours & Upholstery | Technical | Service Print | Exit | Aus Liebe zum Automobil The Golf GTI Edition 30 Volkswagen Information Service. Telephone 0800 333 666 Interne"	"384:5+LIEUguCgUSzF3DlsyGbkHQc2zOaHx+4YCCFx7Sd3jHRKZzieB6k7iMVHk+XA:5+f0Hz1Dl3GbkHc+41d3jHRUW+Q"	"7e2ade0c9861484bc1ceb2ea4c38f07a"
"2013-06-18T10:50:07Z"	"http://www.fernfirst.dorset.sch.uk/multimedia/photos.html?vsig2456_0=7&vsig2455_0=16&vsig2344_0=6"	"Ferndown First School - Photos"	"Ferndown First School - Photos Diamond Class are winning the walk to school race at the moment! Home About Our School Head Teacher Prospectus School Tour Policies Ofsted and Profile Governors EDEP par"	"96:ZdGRc2Vs587UiutrOS7il55Tz7IjMTizRYLTCFKxn/P4Tsi5:P2W52Yr4l5+needb"	"4db38affeab652804458658c080f1a83"
"2013-04-17T07:42:31Z"	"http://www.melia.co.uk/display.asp?K=9780786019229&m=151&dc=192&sort=uk_vat_price/d&mw=2&cur=GBP&st_01=davis,%20william&sf_01=contributor"	"Massacre at Whiskey Flats by William W. Johnstone : Melia"	"Massacre at Whiskey Flats by William W. Johnstone : Melia Skip to content Skip to Page Navigation Skip to Bookshop Navigation Skip to our conatct page Enlarge Image Generate AI Sheet Massacre at Whisk"	"96:o+TWoboGWsV0APcacIa9JE4jwj0JFPcnAtGqdpVYCl6k7+TqR:dyobohsV0APcacIa9JE4bFPcwdYAT7Q+"	"e7bc43dcc64ae87b002d0bce061ba274"
"2013-04-26T19:54:50Z"	"http://www.cscb.shef.ac.uk/"	"Centre for Stem Cell Biology"	"Centre for Stem Cell Biology Home About Mission Statement Stem Cell Basics FAQs Staff List Contact Us Research Group Leaders Themes Clinical Grade Stem Cells Stem Cells & Cancer Otic Stem Cells Admini"	"96:NG7plZQExSzYS23hsGGMKGK8T6z/k5DTnkWoBTaySmlp9txF31u0FhTl/3KAYIMH:0pfS0S2SNkq7rVg0FJB3RYdLb"	"aa08df09c9dcefb2a1d1714824e5bca2"
