"2005-12-20T12:00:00Z"	"http://www.beibl.net/defnyddiau/DIesu3.doc"	"Damhegion Iesu"	"Damhegion IesuJohn James cyf. Bethan Clement Damhegion Iesu Astudiaethau Beiblaidd Cynnwys Damhegion Iesu Astudiaethau yn seiliedig ar Efengyl Luc Cyflwyniad i?r Damhegion 1 5:33- 39 Ffyrdd Newydd y D"	"768:P9twcivZH+DP9Fw6E51zJBsPZe2VNAuAECWsMHElboBEvI:g+PA+c2vj7HEw"	"1a527d774487c677679e82a25b5dce28"
"2005-07-27T13:00:00Z"	"http://www.chathamhouse.org.uk/index559f.html"	"Chatham House - World Today Topics"	"Chatham House - World Today Topics ? ?Home?>?Research?>?International Security?>?World Today Topics View By:?Subject?|?Issue ? Battle for space ALASDAIR MCLEAN. November 99 ? ? ? About the Programme C"	"12:YZ9f7b6qtU20pJL3JuD1U8AoeafTtU2zKsJUYvGIIF:YXf7mqG20p15s1FAkf62zrifIIF"	"27a4adeb9f8d6e60de9095f1df46d3ec"
"2005-05-18T13:00:00Z"	"http://www.blogger.com/delete-commentc93c.g"	"Blogger: : Sign In"	"Blogger: : Sign In Push-Button Publishing Please sign in before proceeding. Username ? Password Forgot your password? Remember Me ? ? If you're not a Blogger user, please sign up here. Home | About | "	"6:E2n2RvEH+kH9Qbo5A9AIBM5X+bPBKMjeMHZvCKSQXEy2GbW2/f:ETRQHysAZBMJ+bFRJUF6Df"	"3dfdd4e41452e42f1ecf3f9dc9798dc4"
"2005-07-25T13:00:00Z"	"http://www.artscouncil.org.uk/regions/project_detail7241.html"	"Arts Council England : Project"	"Arts Council England : Project Home?|?My region?|?About us?|?Subjects?|?Funding?|?Information & publications?|?Press & news?|?Links?|?Search Search the site? ? Arts Council England, East Midlands Back"	"48:9iuUzA9KPSZQqkdxNmhDnZwN6Jg21LlZ2cLkP5bhak4KJghZPky9JAafBQAj:hJ9KaZQquNmFnZwNxCUcLkBbQLKJghZF"	"4e8469fad90ca3d52a86ea7ae67c7d5c"
"2005-05-27T13:00:00Z"	"http://www.veritasparty.com/coppermine/logine324.html"	"- Login"	"- Login Album list :: Login Last uploads :: Last comments :: Most viewed :: Top rated :: My Favorites :: Search Enter your username and password to login Username Password Remember me I forgot my pass"	"6:4SkjjffFSPKqfk9i8TNgLAUiS0+X9N9Q7XKXlKXZBKOLgj:4SkHUPn4/ULn67XKSij"	"b2fbf538aea4d89e6f4fbe1ff70c0f9a"
"2005-04-26T13:00:00Z"	"http://www.lca-uk.org/people7e54.html"	"Welcome To The Legalise Cannabis Alliance (LCA) Website - People"	"Welcome To The Legalise Cannabis Alliance (LCA) Website - People The Legalise Cannabis Alliance (Cyfathrach Cyfreithloni Cannabis) A registered UK Political party. Produced and published by and on beh"	"96:H1sunj4CMnbvIg+GHBLxWxB+xcDtPQx8xPCFE8ZOywxqNetMNwxhPgTomTHwmFw8:VsscXOSdElHGctLET"	"3010b96f39307bdcb1867cc34b6d4e12"
"2005-12-17T12:00:00Z"	"http://www.keynote.co.uk/autolog9334.html"	""	"var UrlEndingvar Browservar av=navigator.appVersioniMSIE=parseInt(av.indexOf("MSIE"))if (iMSIE>=1) {Browser = "MSIE"} else { if (navigator.appName=="Netscape") {Browser = "NETSCAPE"}}var StrWhereAmIRa"	"48:KtGhrZBJmutpegApy/iwbfIfBMVfGfGfzIfVHhfziGfwc+fVficfTxf0YD:rhDJfSgAs/iwbIfIfGfGfEfFhfeGf/+/"	"29a458f10ca173ca60f7dc7e130c5ad6"
"2005-07-26T13:00:00Z"	"http://www.opsi.gov.uk/si/si2005/20050497.htm"	"The National Institute for Clinical Excellence (Establishment and Constitution) Amendment Order 2005"	"The National Institute for Clinical Excellence (Establishment and Constitution) Amendment Order 2005 ? Statutory Instrument 2005 No. 497The National Institute for Clinical Excellence (Establishment an"	"192:uPWic8WD6M3hhDv1ZXx4j3V1rdZ3SS5DQ4rp5K56iXixRasTld4AVDl71K/XwJU8:uPFc8Y6MRhvXx4jV1rddX50ERasH9j7r"	"9efbe75da9c30c34257312a3ba25ec39"
"2005-06-14T13:00:00Z"	"http://www.quakerinfo.com/forum/login8b4f.html"	"QuakerInfo.com Forum :: Log in"	"QuakerInfo.com Forum :: Log in QuakerInfo.com Forum A place to discuss Quakers and Quakerism ? ?FAQ? ?Search? ?Memberlist? ?Usergroups? ?Register? ?Profile? ?Log in to check your private messages? ?Lo"	"12:dKB4K1koKkDXMamFW0y4KVr74KBAdcRAiLoKAmpmxaa9YoE:dKmKFhXMamFXKNEK6Spmxaaq"	"9da97c134fdba3cf6926d554868e68e6"
"2005-11-15T12:00:00Z"	"http://www.conservatives.com/tilef838.html"	"Conservative Party - News Story"	"Conservative Party - News Story Text size:?A?A?A | Accessibility | Site map | Search the site: | Advanced Search ? Find your local Conservatives ? Join our mailing list ? Home ? Newsroom ? Latest news"	"48:NZkF+ErHisR7g9yOhPkKeAx5RQ2ISr/LL910G9DXvWJl3VuP98jRIELG73o/g/T2:AFLrHl7ZkLeZ9SrH911XvGluFgDKkU"	"e4aeb05a0cc66de772acbda11ad6d4e5"
"2005-07-28T13:00:00Z"	"http://www.socialistreview.org.uk/article7897.html"	"Socialist Review"	"Socialist Review Skip to content Back issues 2005 Jan Feb Mar Apr May Jun Jul ? ? 2004 Jan Feb Mar Apr May Jun Jul ? Sep Oct Nov Dec 2003 Jan Feb Mar Apr May Jun Jul ? Sep Oct Nov Dec 2002 Jan Feb Mar"	"96:1rYAI3DBmp9gCzOGYlr2JNYGg/oT5YrYxcaPyhNa5IrQjJ58+Dork:1rYAIzOgCN2VYXdPyhg5eQjJOFk"	"3f741ce457cb9d3574720b04d7c8ce15"
"2005-09-16T13:00:00Z"	"http://familydoctor.org/e196.xml"	"V?mito y diarrea: ayudando a su ni?o durante la enfermedad -- familydoctor.org"	"V?mito y diarrea: ayudando a su ni?o durante la enfermedad -- familydoctor.org familydoctor.org > Informaci?n en espa?ol > V?mito y diarrea V?mito y diarrea ?Qu? causa el v?mito y la diarrea? ?El v?mi"	"192:GBcCdnkW4jNyt2OgsiGYaoM44NGWJVzWBtN+MQvQL5bs4UobY:ZCFejNMUG3DEzNmQL5A4UN"	"905aa70a41c9a0ae20b5e32f28845de8"
"2005-08-26T13:00:00Z"	"http://www.respectcoalition.org/indexb2ba.html"	"RESPECT - The Unity Coalition - News"	"RESPECT - The Unity Coalition - News HOME ELECTION 2005 NEWS In the press LOCAL PAGES TRADE UNIONS FOR MEMBERS AND SUPPORTERS POLICY CAMPAIGN MATERIALS WHAT WE STAND FOR CONSTITUTION AND NATIONAL COUN"	"24:pdcjlxkVGg+DnzeF6eXNkI7CtSuDN6xULwKbZ0MIkofGNQeRv17k:bKmgg+DnzeF6eXNb7Y6xUEKbZ0MIkof7"	"39c442dd0dcfcafaa1175bb494367c58"
"2005-10-08T13:00:00Z"	"http://www.bl.uk/treasures/gutenberg/paper.html"	""	"<!-- The metadata below was developed using the following sources: http://dublincore.org/documents/2003/11/30/dcq-html/schema.DC at http://purl.org/dc/elements/1.1/schema.DCTERMS at http://purl.org/dc"	"96:AsWW3kDjb7hlc3+RIzK9wzpguuMg+wctGpq3PiMGdudCdwdRHdvdIdJdSd1:5l3kDjb7h2K/I7tGpWzZ"	"52ec0d7b7991418e7111a152fe95da13"
"2005-03-14T12:00:00Z"	"http://www.fco.gov.uk/servlet/Front61b6.html"	"Foreign & Commonwealth Office Foreign Embassies in the UK"	"Foreign & Commonwealth Office Foreign Embassies in the UK UK Embassies Overseas Foreign Embassies in the UK Diplomatic Neighbours Foreign Affairs Committee Non Departmental Public Bodies International"	"12:GFUMOWpv5ryKOWplbyuQ6HUq3b4JjgX9dOWpXAj7ryAtbF4ez3HMiM7xCzQAKpOo:bOgjOJye048gyOQm4408iM7vxyKFp"	"aaa820ae14c5ec96ed97513504bd8b11"
"2005-12-27T12:00:00Z"	"http://randomreality.blogware.com/blog/Ambulance/_archives/2004/11/20/187125.html"	"Random Acts Of Reality :: Traffic"	"Random Acts Of Reality :: Traffic Home RSS/XML Subscribe Main Page ? Ambulance Previous:? You Decide Next:? More Pregnancy Traffic by Reynolds at 07:13AM (GMT) on November 20, 2004 ?|? # Tonight, for "	"768:e9uw1MjViYO4enVktfAmKzp3MEC+HXyAZq+ohdDKRDBjPZGka+reo+xIXVGoZh7D:8uw1OViYO4enVkhA53MEtiAZqDdDKRD9"	"9ee494d5a75b0a4346a6400616a1f978"
"2005-03-22T12:00:00Z"	"http://www.royalsoc.ac.uk/view_fellow1224.html"	"Royal Society | About the Society | About us | The Fellowship | Directory of Fellows & Foreign Members"	"Royal Society | About the Society | About us | The Fellowship | Directory of Fellows & Foreign Members Skip navigation | Jump to top of page | Home | About the Society | Our work | Science news | Even"	"48:hVGeyFagLUb6fEclvlAbviYysCw0FiIdn5LHJ:hMpFagQbWTzYysCw0Fiqn5LHJ"	"4c789390d6ead9c3b4596efe76b9aa10"
"2005-12-28T12:00:00Z"	"http://www.literature.org/authors/dostoevsky-fyodor/crime-and-punishment/part-04/chapter-05.html"	"Literature.org - The Online Literature Library"	"Literature.org - The Online Literature Library Search Literature.org Literature.org: Authors Contact This Work: Contents Previous Part Next Part Part 4: Contents Previous Chapter Next Chapter Crime An"	"768:IAFjZ05V9ixnP5kiP1RRs0wZbovlTsXhD1BTZc+hRxdFtU9:qxwkEnIZATsXTBlXZ29"	"f72a0d160e29819390a732acba0fd587"
"2005-12-03T12:00:00Z"	"http://www.veritasparty.com/coppermine/login7059.html"	"- Login"	"- Login Album list :: Login Last uploads :: Last comments :: Most viewed :: Top rated :: My Favorites :: Search Enter your username and password to login Username Password Remember me I forgot my pass"	"6:4SkjjffFSPKqfk9i8TNgLAUiS0+X9N9Q7XKXlKXZBKOLgj:4SkHUPn4/ULn67XKSij"	"567e024f0c208041aeab60db8a0725da"
"2005-12-02T12:00:00Z"	"http://www.nfpi.org/templates/psd/Town049e.html"	"NFPI - Parent Services Directory - Regional Search Results Page"	"NFPI - Parent Services Directory - Regional Search Results Page Regional Service Search Results Your search results are listed below. Click on the name of the project for further details of each servi"	"48:p7V2x1OIcrCc1IU1gghs8DTg6XKgGEMmDaoG0m3BXcAqG33XA2+cT:WGb1Ughs+TdKZXB0mRM9kQ21T"	"2ec1747c7ba692495e288e57b4dbfb08"
"2005-08-08T13:00:00Z"	"http://www.alhaqaeq.net/defaultch1de8.html"	"? ?"	"? ? -? ? ? ? ? 9 ? 2005 ?Tuseday 9, August 2005 ? ? ? ? ? ? "? ?" ? ? - ? ? ? ? ? ? ? ? ? - ? ? ? ? ? ? ? ? - ? ? ? ? ? ? ? ? ? ? - ? ? ? ? ? ? ? ? ? ? ? - ? ? ? ? ? ? ? ? ? ? - ? ? ? ? ? 48 ? ? ? ? ?"	"96:yViRLR+92rR5jEUj4rjEsUjjszmCNXa+KO0A7:yVoR+0rRbYa+KO0a"	"9d91e596bd5528e3195d2badbaf82c3c"
"2005-03-14T12:00:00Z"	"http://www.fco.gov.uk/servlet/Front886e.html"	"Foreign & Commonwealth Office NATO Operations"	"Foreign & Commonwealth Office NATO Operations UK Embassies Overseas Foreign Embassies in the UK Foreign Affairs Committee Non Departmental Public Bodies International Organisations Commonwealth Counci"	"96:+l0RCmSwRrxOGTAedi31oMvkTlsmzeXZrfChlMXcKjV/f3/pEGuWhiDYyNq28KiG:1SA9FygTtwFkMXcA5mGu01O+xSwogRnO"	"03d00d1dc2a4407064913d5d2cb1951f"
"2005-08-05T13:00:00Z"	"http://forum.mpacuk.org/showpostbcee.html"	"MPACUK :: Discussion Forum - View Single Post - Is Sheesha allowed?"	"MPACUK :: Discussion Forum - View Single Post - Is Sheesha allowed? Thread: Is Sheesha allowed? View Single Post ? #5 ? 05-02-2005, 06:01 PM ah1999 Senior Member ? Join Date: Dec 2004 Posts: 387 Quote"	"12:5s6krikzM3U09dXiQTogW6AMKIr0mB8yAGyLbKSM/EPazy7iLyFCqFEM:5F8iEgdXiao59WAfMg3QqFEM"	"883148ee420a820289930c7faaf8047e"
"2005-07-19T13:00:00Z"	"http://www.blogger.com/email-post4b31.g"	"Blogger: Email Post to a Friend"	"Blogger: Email Post to a Friend Push-Button Publishing Email Post to a Friend: Farting through my Fingertips The information you provide on this form will not be used for anything other than sending t"	"192:0M37ueFofw06WqdaFdsFHzocoiXS29D/mMAGwCBKd:fqeFf0TJjsFTgiiwDKGw8K"	"024eca18274e359ad33563b1d2cd1de4"
"2005-11-10T12:00:00Z"	"http://www.edinburgh.gov.uk/cgibin/parser.pl/0005/www.edinburgh.gov.uk/housingstrategy/FAQ_right_to_buy.html"	"housing strategy homepage"	"housing strategy homepage Link to text-only version Contacts ?|? FAQs ?|? Index ?|? Accessibility Find: In: Entire Site A-Z of Services Local Organisations Lothian Env. Directory Committee Minutes Bus"	"48:1olj/zCV7VQ3zEX8GtMNqYQCbWDGK38WW30QpTcQ0EM4WM9jRa0oKoHwC:1S/zCV+3zEMtEvCyDQ53n90ELjRaPx3"	"f3a12c0683c415c1d9b503b26c4e4f50"
"2005-09-27T13:00:00Z"	"http://familydoctor.org/017bc88.xml"	"Botulinum Toxin Injections: A treatment for muscle spasms -- familydoctor.org"	"Botulinum Toxin Injections: A treatment for muscle spasms -- familydoctor.org Return to Web version Botulinum Toxin Injections: A treatment for muscle spasms What is botulinum toxin? Botulinum toxin i"	"48:NITzmKGYCW+ZVcMw+BViNUJ6sZNPg0dTs59X70q/rW+I:NIT/oWMVBlVLXZ659T/LI"	"f1a145a07bc479ee79bccba61337ca7e"
"2005-04-25T13:00:00Z"	"http://www.libdems.org.uk/rural/parliamentaryreportfce8.html"	""	" HOME NEWS THE PARTY CAMPAIGNS CONFERENCES PEOPLE? PARLIAMENT? INTERNATIONAL? IN YOUR AREA? JOIN / DONATE? GET EMAIL NEWS? ADVANCED SEARCH | Rural Communities RURAL COMMUNITIES HOME NEWS POLICY PARLIA"	"48:6qwM+X2zG3eP2kqp+vtRdCCfPGiPzGEdsayqXz8vWVdJT:6FYQefqKR4ChPzGEfnj6wdJT"	"29f783f364f8d5e266ce9956aa26bf24"
"2005-05-19T13:00:00Z"	"http://www.lifesign.ac.uk/playbe37.html"	"Lifesign"	"Lifesign"	"3:sX:sX"	"3a555a9c1513b9f610765701d962c79c"
"2005-03-18T12:00:00Z"	"http://www.cafod.org.uk/resources/worship/theological_articles/values_of_the_trade_campaign.html"	"CAFOD : Resources : Worship : Theological articles : Values of the trade campaign"	"CAFOD : Resources : Worship : Theological articles : Values of the trade campaign Home Cymraeg | Espa?ol | Fran?ais | Portugu?s | Site map About CAFOD Where we work News & events Policy/analysis Get i"	"192:n1P1AP8riffxw/+K0DBfZqREi8uXpiuoQ34/PiAW/9POXsR3d3wFdSy5F6kftzM+:nB1APuiMGBhcLpPoN/fWFPO8Rt3wvl5b"	"f325d232a2eaa990d582e855886f29ff"
"2005-12-29T12:00:00Z"	"http://www.history.uk.com/mailing/indexb77a.html"	"Mail"	"Mail Part of the National Grid for Learning Quicksearch History.uk.com ? For best results, click here for Advanced Search ? Mail 'London Borough of Wandsworth Local History Collection' Your name: Your"	"6:+TAiBiyj1jXHLeKSXgeaFZ4GLWx1zpbrlLVtlv3rTNJSjA9YW:GAiBLpjXHLqQFRLA19brrf9GA9f"	"e52e33bd9c9e11d7748eb6cf6692ff31"
"2005-09-14T13:00:00Z"	"http://www.alarabonline.org/Previouspages/1998-ok/03-March/27-03-March/P1.pdf"	"? ?"	"? ? ?e ?b ? ? fK fOz ? d d ? fOz ?bF ? WM b w u??N ? 5(U??B ? b?L?? ? w u ? Chairman & Editor-In-Chief WEEKEND n M ? AHMED SALHIN EL-HOUNI ISSUE W H 16 b b ? ? ? ? X X ? ? ? ? W WF FL L? ? ? b b ? ? ?"	"384:7OanSsS50joSmCsVRjweWwJHBOnm7/3+y/HPJI5WUG9Rmg8T9TE9/wr0qm:7OaUMnQLwHSomz+2PUyRI9g9o9m"	"4dd022019bc3e0a8236f7de0b33b0534"
"2005-12-21T12:00:00Z"	"http://no2id.net/forum/viewtopicd8bc-2.html"	"No2ID :: View topic - MPs are zombies - we should concentrate on the MEDIA!"	"No2ID :: View topic - MPs are zombies - we should concentrate on the MEDIA! No2ID No2ID's ID Card & NIR Discussion Fora ? ?FAQ? ?Search? ?Memberlist? ?Usergroups? ?Register? ?Profile? ?Log in to check"	"96:j+77J/hEqeWV7IEcIxphCbV6ovTDJ+/QpX:6dhpV7BWVp5+IpX"	"dc749fea9eb32eeee05c69690021e984"
"2005-07-26T13:00:00Z"	"http://www.24hourmuseum.org.uk/manchester/events/EDR27310a469.html"	"Welcome tour - Manchester City Guide venues & listings"	"Welcome tour - Manchester City Guide venues & listings Skip navigation July 27 2005 Choose a city Birmingham Brighton & Hove Bristol Leeds Leicester Liverpool London Manchester Newcastle & Gateshead N"	"96:EPTreYU2eHVjai0uL/teoWxvcwpK8hxhRuoqQFDQ3:kfeYU2UVeuL/teJvcwpK8hbRpTDQ3"	"baef6642cda27b0fce51d26c14b2598d"
"2005-11-21T12:00:00Z"	"http://ourpasthistory.com/Gallery/Brooches/brooch20.html"	"Ourpasthistory.com Image Gallery :: Roman Brooches :: brooch20"	"Ourpasthistory.com Image Gallery :: Roman Brooches :: brooch20 ?Roman Brooches ? [login] ?Gallery: Ourpasthistory.com Image Gallery? ?Album: Roman Brooches? ?Album: Artefacts from museums? 118 of 122 "	"6:tGaXKILTCL7Gass4U4SMMpe3QN4n+7Gas+UE+:EmGGrU4SMp7xkd+"	"f660ecef62211addaeb7a9b7eee7a45a"
"2005-11-15T12:00:00Z"	"http://www.opsi.gov.uk/si/si2005/20051016.htm"	"The Asylum (Designated States) (Amendment) Order 2005"	"The Asylum (Designated States) (Amendment) Order 2005 ? Statutory Instrument 2005 No. 1016The Asylum (Designated States) (Amendment) Order 2005 ? Crown Copyright 2005 Statutory Instruments printed fro"	"96:1AkEnWJk1J48WMe6M3hhDF51ZKYZHE8CRPNXGQM2rXsVX:2DWic8WD6M3hhDv1ZzZmRF9/G"	"e4e6049cd097486dcafc9615bdddf06b"
"2005-12-16T12:00:00Z"	"http://www.hpc-uk.org/emailthisarticle/index931a.html"	"HPC - Health Professions Council - Email this page to a friend"	"HPC - Health Professions Council - Email this page to a friend HPC - Health Professions Council Park House, 184 Kennington Park Road, London, SE11 4BU +44 (0) 20 7582 0866 Email this page to a friend "	"6:l19W0C/DTQLzHF19W0CEbuLZcYgNi5/dSSDTQLzLXDTQLz9slkm9WWfnKPeQZ:l/NCvezl/NCyScN05VSuezLnez9WkIWT"	"0a13e6f0d7c0ddc7510498946cee9713"
"2005-11-16T12:00:00Z"	"http://www.drownedinsound.com/blogs/mysmokingjacket/page/10.html"	"Drowned in Sound - Features - Blogs - mysmokingjacket"	"Drowned in Sound - Features - Blogs - mysmokingjacket Drowned in Sound - music community reviews News Reviews Features Listings Your site Shop Users Username: Password: or Sign up Search DiS News Xtra"	"24:rJzGJEFNWplXjDb770ceydjlR8eZ7Z+sQ14WKy:rJzGONqXvb/05qpaw+y1y"	"281e5bf2cf7f57e39d347a6a449ed9e9"
"2005-11-25T12:00:00Z"	"http://www.defra.gov.uk/science/how/documents/PDFs%20in%20Parts/Part%20II%20in%20sections/15.pdf"	"Part II"	"Part IIStrategic Priority ? Protecting the countryside and natural resource protection 15. Strategic Outcome: Access to the natural environment More and better access to the natural environment for re"	"384:DlGLExi/KrsrdJgMqR2KboZi4blzksAvwpVwV:DRToYlwY"	"14be12d84cf27877acdb0e044e44a3b5"
"2005-08-18T13:00:00Z"	"http://www.statistics.gov.uk/cci/nugget_print279d.html"	""	"National Statistics Online &nbsp;&nbsp; UK Snapshot Neighbourhood Economy Population About Us Jobs 18 August 2005 EconomyInput-Output30% of economy is business & finance Growth in Gross Value Added, p"	"96:3l6atxKPAm0J0DsmPaxqtMOn/DwbmO9Y48cjkD/ajaDyKpTdQs1l3+b4hVVJL:lXK4n0DxPGqtvWY48c6/aATpysyb4lJL"	"423a4708b0064cf0de099e6ba352ad81"
"2005-08-12T13:00:00Z"	"http://www.scottishmediamonitor.com/articles21238.html"	"Articles | Scottish Media Monitor | Examining the treatment of sexuality in the Scottish media"	"Articles | Scottish Media Monitor | Examining the treatment of sexuality in the Scottish media articles September 05 > August 05 > July 05 > June 05 > May 05 > April 05 > March 05 > February 05 > Janu"	"768:NiixQ1QNn0iZD7q9TJGdn2+oDnX0laGEhE1To7oH57p29RDheQV/a:wix19nZD+TzzDK31s0H57pmRIQV/a"	"5bcb51059a5073b1d60d5a79ed6cb176"
"2005-08-09T13:00:00Z"	"http://www.opsi.gov.uk/si/si2001/20013690.htm"	"The Occupational Pensions (Revaluation) Order 2001"	"The Occupational Pensions (Revaluation) Order 2001 ? Statutory Instrument 2001 No. 3690The Occupational Pensions (Revaluation) Order 2001 ? Crown Copyright 2001 Statutory Instruments printed from this"	"96:mPSPZEnWJk1J48WMejPeaM1hhDF513PYSCPNZcPR74yMtD+CsIWFvw5RgqHPDxns:SekWic8WDLZM1hhDv1flOsrORgO+"	"4602641e942e51bb323808f953b8622f"
"2005-12-14T12:00:00Z"	"http://www.quakerinfo.com/forum/profilee68b.html"	"Page has moved"	"Page has moved Click here... "	"3:K//MOULFn:K//H2"	"2aa3c6153da38d2767e2d129c53770d2"
"2005-03-22T12:00:00Z"	"http://www.flickr.com/photos/slaps/sets/141448/show/index.html"	"Slaps' North America slideshow on Flickr"	"Slaps' North America slideshow on Flickr ? To Slaps' North America set North America Like what you see? Learn more, or create yourself a free account! "	"3:LQXRXByMToMBAWNQ1a25CsXRXByMTh4ByMTAY4mKQtu0y/xRD9+OA+on:LSZoAAdcA9ZWAY4ma0q1AR"	"534da390fa3b607969cedf8de0cc9437"
"2005-11-04T12:00:00Z"	"http://www.defra.gov.uk/corporate/ministers/speeches/lw311001.htm"	"DEFRA, UK: Ministers' speeches: Lord Whitty speech for the Mapping The Countryside Event"	"DEFRA, UK: Ministers' speeches: Lord Whitty speech for the Mapping The Countryside Event SPEECH FOR THE MAPPING THE COUNTRYSIDE EVENT GIVEN BY LORD WHITTY, MINISTER FOR FOOD AND FARMING 31st OCTOBER 2"	"192:1gKWIEiISpEycW/QaTjv+NMAANDMdYwCRCdgFvUBex6Bq3lkFE3APUdROwFzcsNi:1PpFayHnXnvDMXCUdWwen3lkFoMU/zKT"	"236f3f45370bf3169fd8dfbe761168fe"
"2005-08-26T13:00:00Z"	"http://www.scottishlabour.org.uk/search.php/index44d5.html"	"Search the Scottish Labour Party website"	"Search the Scottish Labour Party website ? ? ? Fri 26 August Your email address Your postcode Search Results for euro Results -139 - -120 of 123 Page -6 of 7 ? Results per-page: 10 | 20 | 30 | 40 back"	"12:TjUJHiFa85r8PlroowvWBFYjF8KNuRxmj+P24h5GMzTLLDlXwOQ0EFfE:XUXW8PlSMYR89nmqHGM7LRXm0EF8"	"fd129b30ee6f30255765419c3bca276c"
"2005-07-20T13:00:00Z"	"http://no2id.net/forum/viewtopic882d.html"	"no2id.net :: View topic - Passport picture row in the Daily Telegraph"	"no2id.net :: View topic - Passport picture row in the Daily Telegraph no2id.net No2ID's ID Card & NIR Discussion Fora ? ?FAQ? ?Search? ?Memberlist? ?Usergroups? ?Register? ?Profile? ?Log in to check y"	"96:JI9aCE6MwiG4EMwZCjKkgPfLsFCxRV1ovTDJ+bQpX:JIgOpRF3LZRV25+UpX"	"0d1e62ce874a1eabd3f475a324b888e9"
"2005-12-16T12:00:00Z"	"http://www.defra.gov.uk/corporate/consult/emi-bqs/circlist.htm"	"DEFRA, UK: Consultation on Better Quality Service review of Egg Marketing Inspectorate - circulation list"	"DEFRA, UK: Consultation on Better Quality Service review of Egg Marketing Inspectorate - circulation list Consultation on Better Quality Service review of the Egg Marketing Inspectorate Circulation Li"	"24:O+AhPz+AgYB0LBOKw8vadNTFls7HXmyx5KddHRaAT82jCLaAmSAJA8xEV3HBzCxN:ObeBjjvadNB2znx5ydHRaATVjCLaAmSM"	"5fba2c6b593343bd4fa193ba13519ddc"
"2005-01-18T12:00:00Z"	"http://www.wellcome.ac.uk/print/7230_print.html"	"Governors"	"Governors Print?this?page?Close? Board of Governors The Board of Governors of The Wellcome Trust Limited, the corporate trustee of the Wellcome Trust, carries out the charitable objects of the Wellcom"	"96:4ii5METdcUXIQwio3TQgUHswdnoQukAQWELlHY1wokVRli3+eQL7F6Cym8D+lgou:4KEtzFRgUboQuQ2CRly8XJnlfXB/irV"	"0686bb735f2448959b2349fdd63fd854"
"2005-09-09T13:00:00Z"	"http://www4.indymedia.org.uk/en/viewallposts251.html"	"UK Indymedia | View all UK newswire posts"	"UK Indymedia | View all UK newswire posts Skip Nav | Home | Editorial Guidelines | Mission Statement | About Us | Contact | Help | Support Us UK Open Newswire Legal disclaimer: IMC UK is an interactiv"	"384:FPdioutJWgWZ0QNJniaICm0LWs7PN1Z7TO47mSoyNNUZaDkXWWDexOTKK:FPdOGgWfViaICmOVL7Tv7rRDkYQB"	"aab12793ec18cdd6c593ba886b105919"
"2005-11-30T12:00:00Z"	"http://www.footballpoets.org/poem8412.html"	""	" Microsoft VBScript runtime error '800a005e'Invalid use of Null: 'Replace'/poem.asp, line 30 "	"3:xjzhXMVresFyXxeNDF3vv:xPBvs8XxuF3vv"	"12b812170c65b8fb272d134c6094757a"
"2005-12-08T12:00:00Z"	"http://www.dh.gov.uk/assetRoot/04/11/25/90/04112590.pdf"	"THE PNEUMOCOCCAL IMMUNISATION PROGRAMME"	"THE PNEUMOCOCCAL IMMUNISATION PROGRAMMEth 9 June 2005 MANDATORY SURVEILLANCE OF METHICILLIN RESISTANT STAPHYLOCOCCUS AUREUS (MRSA) BACTERAEMIAS From the Chief Dear Colleague Medical Officer and We are"	"192:6uOpVIgKKfJt8B/ID8IDocLXHqeGOlpb5M/B:69pVIDGJt8Q8IDoaavO35Mp"	"efaeb4a2c2b95ac154af2e3aeab8c0ec"
"2005-11-15T12:00:00Z"	"http://www.opsi.gov.uk/si/si1994/Uksi_19941039_en_1.htm"	""	"????????????????????????????????????????????????????????????????????????????????????????????????????????????????????????????????????????????????????????????????????????????????????????????????????????"	"3:RRRF:Lf"	"d42f0e1f831c20dddea2108426b720f2"
"2005-08-05T13:00:00Z"	"http://forum.mpacuk.org/newthreadb52c.html"	"MPACUK :: Discussion Forum"	"MPACUK :: Discussion Forum ? Home Join Us Donate Today Chat[0] Register FAQ Calendar Search Today's Posts Mark Forums Read ? vBulletin Message You are not logged in or you do not have permission to ac"	"48:fgRjkuC0YpO6tYEZ3M0tLdGfvrhintuDzwYDa:IR60YThMJ3knt+wYDa"	"742e862fe8df5dde2e5ff0075c000034"
"2005-08-30T13:00:00Z"	"http://www.ageconcern.org.uk/discuss/messagepost6c7c.html"	"Replying to a message"	"Replying to a message ? ?Discussions Home? ?About Discussions? ?Help? Register to have your say. Forgotten your password? ?Search Select Health and Welfare Book Club Time Capsule - Your memories and e"	"384:gE1w5JocBLsu3EnZiK9w3yIrh63u7GeQFFlS0gjS0ya0:gRDPrTyIN7GH1"	"79265d6ca942c1f4fc07f616e06057ab"
"2005-01-04T12:00:00Z"	"http://www.cynghanedd.com/seiat/messages/2/150.html"	"Seiat y Cynganeddwyr: A dawns y don sy' dani"	"Seiat y Cynganeddwyr: A dawns y don sy' dani Hafan yr Annedd Pynciau Help ? ? 1|3|7 Diwrnod Diwethaf Chwilio Canghennau ? A dawns y don sy' dani Seiat y Cynganeddwyr ? Materion Cerdd Dafod ? A dawns y"	"192:XhRvuOWbB4A2/XTSKw1Se1e275yGxqPNAS7+0Mr2B2LJkpxgnI4h4chbuLqEsv:XXutBy/X2Kw1SeV5yN1AmHMr2B6KpxgN"	"5f7e90c6f82cce6621b83c10a47b220c"
"2005-08-31T13:00:00Z"	"http://www.humanism.org.uk/site/cms/contentPrintArticle24df.html"	"British Humanist Association"	"British Humanist Association Victory on Broadcasting! ? Public Service broadcasters now required to provide programmes about ?religion and other beliefs? We have won a substantial victory! The definit"	"24:ifAivRsXVW9PKGEXOu8ggvol93/50NzelXpi87omIWxEd+xCSWg3:MASsXVYk+ygvDNzehEEWWxIBU"	"b6490fe8bd6ab85be9028685fef2eb6f"
"2005-05-03T13:00:00Z"	"http://www.davidwilletts.org.uk/recordedea.html"	"David Willetts MP"	"David Willetts MP accessible David Willetts MP 2. Work and Pensions news articles speeches policies media links contact photos 1. Havant 3. Conservatism Government Estimates All Over The Place 16 May "	"48:l45mNErtYA2PqTR2lnrPgEYRnNc38pFJPorVUN6s6xmcNi6krUnUq9p+A2HEm+b:egErtF6qt2tPgEYXc38pFEWN+1Q3QnBV"	"340a190f10fc7ab47074779d05e955cf"
"2005-07-22T13:00:00Z"	"http://forum.mpacuk.org/showpostb1b8.html"	"MPACUK :: Discussion Forum - View Single Post - I don't understand hijab..."	"MPACUK :: Discussion Forum - View Single Post - I don't understand hijab... Thread: I don't understand hijab... View Single Post ? #29 ? 24-05-2005, 09:09 AM anti-fascist Member ? Join Date: May 2005 "	"12:5sYt9X+jX/r9diXZ7QT9ZMe4NdNjbB2KbGcxzRL5fAxPqFRBMU4K:5Rt9XcXD9dGZ7a9ZT4tx2Ky0J4qF54K"	"d325cc40cc181a8497a1636f4d49d8b4"
"2005-07-27T13:00:00Z"	"http://www.psni.police.uk/foi_summary_q1-q2_2004-2005.pdf"	"FOI summary Q1-Q2 2004-2005.doc"	"FOI summary Q1-Q2 2004-2005.doc POLICING PLAN 2004-2005 PERFORMANCE SUMMARY Survey Results: April 2004 Crime Figures: 01 April 2004 - 11 October 2004 Domestic Violence/Racist/ Homophobic : 01 April 20"	"192:HzuEK2eOVYtNgMctv9fBNe9t0dQpRIL14Bt0RSxXKOTWoP5pc4tHynt4AS1Sr8R7:Tk2euYtNgVvNDWIhmyRwXKOTWoP5pc43"	"9479609d1ba4b52fabd545f2fdea1129"
"2005-10-17T13:00:00Z"	"http://www.scran.ac.uk/database/results353f.html"	"Search results"	"Search results Home Resources Learning Search My Stuff News Fun and Games Online Training Site Map About Scran Graphics Mode Shop Help Search Results Store search in Stuff project = 542Records 13 to 2"	"48:CbcKAiKQrvQXErvXXyi/LrvADX1TrvgXtOrrvEXErv4XjrvcXA3rvW6XY2rvmXhh:z4vQXEvXXpnvsXJvgXtavEXEv4XPvcXD"	"9e3ea8f86e8e0ab85bfd71d2c8883d97"
"2005-08-10T13:00:00Z"	"http://www.nya.org.uk/Templates/System/practice9d50.html"	""	" About the Neighbourhood Support Fund programme function toggleVisibility(id, NNtype, IEtype, WC3type) { if (document.getElementById) { eval("document.getElementById(id).style.visibility = \"" + WC3ty"	"192:62qYzvrHA8UCava7DO+g7x4jT8dYG/x9NfiR48jXCYPIh/KBwL7wz6/OZ/xRdqqq:62VbM2RntUIhx1I2du2B8"	"9bfa874711b3891a1ae4771285dcd629"
"2005-10-27T13:00:00Z"	"http://www.acpo.police.uk/newse3ca.html"	"Latest news"	"Latest news 2005 - Quarter 1 Press releases 2005 - Quarter 4 2005 - Quarter 3 2005 - Quarter 2 2005 - Quarter 1 2004 - Quarter 4 ACPO Press Office 25, Victoria Street, London SW1H 0EX Head of Communic"	"96:tWrOtAKyJjNhbhTymiPNwG/0XaK6ysY+jnyPbm06pFjYDKOXtSspMXji:ntL6phbhToPfpK6ysY+jnyPbmJFSKOX1"	"1e511e9fcd8450f2f5f722da41e4ba9a"
"2005-08-31T13:00:00Z"	"http://www.alarabonline.org/display72e0.html"	"alarab online"	"alarabonline 31/08/2005 - 10:19:04 ? ? ? ? ? ? ? ? ? ? ? ? ? ? ? ? ? ? ? ? ? ? ? ? ? ? ? ? ? ? ? ? - 1 - ? ? ? ? ? ? ? ? ? ? ? ? ? ? ? ? ? ? ? ?! ? ? ? ? ? ?! ? ? ? ? ? ? ? ? ? ? ? ? ? ? ? ? ? ? ?..? "	"6:gEeKE3RTfSiaJHU8MDFW2/Aw2qAgQKG1CHBD/QFpSL4JHBiHDf:gEVEBTfSia0FVK0G+cl/wf"	"1eabd45dbabd1c5cfd8547a7dca212aa"
"2005-08-31T13:00:00Z"	"http://www.alarabonline.org/Previouspages/2002/11-November/15-11-November/index.html"	""	"www.alarabonline.org - /Previouspages/2002/11-November/15-11-November/www.alarabonline.org - /Previouspages/2002/11-November/15-11-November/[To Parent Directory] 10/?/1423 07:53 ? 27825 K.pdf 10/?/142"	"12:JWEu/pqEu/pzGtgtYEZtXs+0Fu96T97f+Gd9KKuf+cAdv+qHsMf+I+XsH+f5uuwJ:oEYQEYYqN/cFFu96T97h9Gf7aLHJ90sx"	"5106c2f92338f9e9ea355bdd830997c0"
"2005-11-25T12:00:00Z"	"http://rdoc.org.uk/groupeecbac.html"	"Page has moved"	"Page has moved Click here... "	"3:K//MOULFn:K//H2"	"98d55f38135554e71e8ea66404d47f2f"
"2005-08-02T13:00:00Z"	"http://www.learningdisabilities.org.uk/profilesites07e5.html"	"The Foundation for People with Learning Disabilities: New websites"	"The Foundation for People with Learning Disabilities: New websites Back ?This Site? ?Additions? ?Tell-A-Friend? ?Wordbank? ?Site Map? ? Home ?You are in:? New websites Decoda Website of Decoda, a comm"	"12:ZQKzZW1wvVeXRBJoGkH4A9SZznyWMC3mqirUAHrPGOS1QKzZrfXnEuZjRWVW+V:ZBvVI7dxZGF+VUXa1nXEuzW4S"	"baa11c03dafa332c29db962c58512886"
"2005-10-25T13:00:00Z"	"http://www.aboutmyvote.co.uk/toolkit/TandS7605.html"	"About My Vote - Terms and conditions"	"About My Vote - Terms and conditions To view this page as intended please make sure you have javascript activated. Otherwise, please update your current browser to a latest version. cymraeg audio and "	"24:KiMaREAFYyA3UkXiGjVfKXTMviQGNLfohSLLI8eBIz8FsOw:hRrTkyGJfKj8ijflL88ZD"	"cf2e042814c1aa7fc3074095b3661655"
"2005-08-17T13:00:00Z"	"http://www.vam.ac.uk/cgi-bin/whatson/events_mgrb229.html"	"Victoria and Albert Museum (V&A) - What's On"	"Victoria and Albert Museum (V&A) - What's On ?You are here:?Home > What's On What's On HIGHLIGHTS: Wednesday Late View Sep 05 M T W T F S S ? ? ? 1 2 3 4 5 6 7 8 9 10 11 12 13 14 15 16 17 18 19 20 21 "	"24:n3Lx9owCu+4f+CG2F1Ft1nt8mf25/6qPCDrZMbhizimB:nt93Cu+4fD1FDe95/6NrZcJY"	"f5a999795c9077b05a46feaf5121038f"
"2005-07-26T13:00:00Z"	"http://www.dur.ac.uk/student.support/prizes/prizes_query9427.html"	"Undergraduate Admissions Office - University of Durham"	"Undergraduate Admissions Office - University of Durham University of Durham Undergraduate Admissions Office Prizes, Scholarships, Bursaries and other Awards Awards available for students in: Departmen"	"24:sLZjmujxLZjnSdBRLFqDvB1SZcue6vfGU3xRZc+KysQXHff3/CZc+KyNxXX7R:s9L9nSdBHq7B1QDlxbclQPf4c+F"	"db6532507131f9d86b0a085dc9a096f8"
"2005-08-15T13:00:00Z"	"http://www.al-aqsa.org/emailer/emailer29fc.html"	"?"	"? ? ? ? ? ? ? : ? ? : ? : "	"3:O1Fwn:Ow"	"4020121379c626b9c73128364565414a"
"2005-05-03T13:00:00Z"	"http://www.harlow.libdems.org/index0f00-2.html"	""	" << September 07 2003 - September 13 2003 >> Sunday, 07 September 2003 ? Monday, 08 September 2003 ? Tuesday, 09 September 2003 ? Wednesday, 10 September 2003 ? Thursday, 11 September 2003 ? Friday, 1"	"3:lFgvgVCuCXaN+4FL9tHy4/2wmDtkaRMtKGGat4XlwRADt/hcRkMtO4/DtpJr6n:/NUaFLXJ2wABXcynW56"	"6c8e7e5dfc41f5bbf030f8a31ecf822d"
"2005-10-26T13:00:00Z"	"http://www.24hourmuseum.org.uk/leicester/trails/indexb91b.html"	"Leicester City Guide city trails"	"Leicester City Guide city trails Skip navigation October 26 2005 Choose a city Birmingham Brighton & Hove Bristol Leeds Leicester Liverpool London Manchester Newcastle & Gateshead Norwich home news ci"	"48:zGael+U2I+R70ZDEWq7Q+kRfBZTgKCfvGYZXFWWW/KwogOQDVFDQ3:CaeYU2v9oEWOQv92XpQRywZ9DVFDQ3"	"f086e69d53a7fef1e9c7374a6829ba67"
"2005-02-07T12:00:00Z"	"http://www.flickr.com/photos/45444936_N00/4379881/index.html"	"SHINJI 9 on Flickr - Photo Sharing!"	"SHINJI 9 on Flickr - Photo Sharing! Home | Recent Photos | Learn More | Create a Free Account Log In | Help SHINJI 9 I< <<? ?>> >I verzosa7123's photostream To take full advantage of Flickr, you shoul"	"12:8SR2RPMoUYTWnOL4KM4RnRlDp2KEnEgJ96e+AVed43KR6+6O2zQLXSc9KyHGJ08:DR4MogOLyesfnrqe+kxDZzQLSGKcq7"	"c6229e41d687938a9a57ffaf50537858"
"2005-02-10T12:00:00Z"	"http://www.fdf.org.uk/press_releases_2004e13d.html"	"Food and Drink Federation: Press Centre > FDF Press Releases > 2004"	"Food and Drink Federation: Press Centre > FDF Press Releases > 2004 10 FEBRUARY 2005? GLOSSARY | SITE MAP | HELP | CONTACT Home About FDF FDF Priorities FDF Responses About Membership Press Centre Abo"	"24:fXIsXWjMcMrzvYUAQMtFYC5BQ9GrHDk7QjyzyK5tei7bVrlqcp:fbXahUbYUAQMYtsrHDt0yK5teYbp"	"67bfa8fc5f9ad23b0615999176607041"
"2005-01-29T12:00:00Z"	"http://www.aboutmyvote.co.uk/vote/postal/index.html"	"About My Vote - Vote by post"	"About My Vote - Vote by post ?aboutmyvote.co.uk Vote by post Please choose from one of the following options. I live in England, Scotland or Wales I live in Northern Ireland ? Elections What elections"	"12:KVZPyLoXgDELjonPR+2hXogbfuqMrhPca0JK/0nQSNybuz:KVNJXcEHCPJhXog7uqMFPJP0zc6"	"2c8e47b7762706f9775b171de9b741c0"
"2005-11-10T12:00:00Z"	"http://hpa.org.uk/infections/topics_az/campy/data_ew.htm"	"HPA - Infections | Topics A-Z | Campylobacter"	"HPA - Infections | Topics A-Z | Campylobacter Skip navigation menu Search Advanced Search Home About Us Topics A-Z News Publications Links Jobs Contact Us Infectious Diseases Infections A-Z list HPA C"	"48:weOAoyvk4UrWBhISe7cEt7RMskgSLdtHQNNI5u9oV+9rU/:DOAoyvkzOeYEtvkgSL7wN4u9e8Q/"	"3200186fbd2840f00d8a154823c40a20"
"2005-02-07T12:00:00Z"	"http://www.the-hutton-inquiry.org.uk/content/fac/fac_1_0051to0052.pdf"	""	"CN/02-03/31 _ CHAIRMAN'SNOTES Committee For the meeting ofthe Foreign Affairs on Thursday 17th July 2003 2.45pm Private in Room 16 Apologies : The Decision to go to War in Irag 1 . oral evidence will "	"48:p/8ou9EIur5mkpzm1ALYadvg2Oy7KNXgvGcjNJUKEgOr74su:5ua5Y1ALjdQU/vxNSZgWDu"	"b02694b3b4d3903c8fb72790ab510706"
"2005-08-18T13:00:00Z"	"http://www.met.police.uk/newham/csu.htm"	"Newham Borough Police | Community Safety Unit"	"Newham Borough Police | Community Safety Unit home | recruitment | your right to information | crimes | contacts | ask the met | news | local info | about the met | young people | sitemap Newham Polic"	"24:ZB/tEDaX0+vWGkZk4g+8//kE4/wi1vTxRmKDf/fFNVxsJzDGLVKzvSZgIxRmcoUX:ZB/tEDh+vWkXR/kE4/LvHf/fFfxsJz4H"	"c8e937a556aed5745d9c82e26432db82"
"2005-10-08T13:00:00Z"	"http://www.bl.uk/about/cooperation/pdf/report35.pdf"	"Co-East Plus Pilot: Final Report and Recommendations"	"Co-East Plus Pilot: Final Report and Recommendations Co-East Plus Pilot: Final Report and Recommendations Submitted by Project Manager, Linda Berube Co-East Regional Manager Introduction The Co-East P"	"768:dok6kZz/1ppeJiFfidH+sTuRZftv0AsNj7Af3aRoNJdoHRFQS2pKih4hhxKqB80x:DJXgdHIzsiPcooSn6DB8oMxF+"	"3a764d06c9b4e2b86b3d8bebfc6b51d8"
"2005-12-29T12:00:00Z"	"http://www.badmintonengland.co.uk/fl/clubs/flaccessb6e5.html"	"BADMINTON England ? News"	"BADMINTON England ? News Skip main menu | | Skip header menu | ? | ? | | Keywords: ? Skip breadcrumb trail | News Skip page content | Counties, Leagues, Clubs Belle Vue Juniors (Essex) General | Teams"	"12:o6v5Mg5nyUiUPf7BvnedB6dA3tbu2DyZbcmqgV+CIg2KkdYqxUOMjOZorDl:o65MEP9nebDDyRcmq/hflYgUO2UCl"	"388bd493078bd7776e8b43e38f319d83"
"2005-10-27T13:00:00Z"	"http://www.acpo.police.uk/news2120.html"	"Latest news"	"Latest news 2005 - Quarter 3 Press releases 2005 - Quarter 4 2005 - Quarter 3 2005 - Quarter 2 2005 - Quarter 1 2004 - Quarter 4 ACPO Press Office 25, Victoria Street, London SW1H 0EX Head of Communic"	"96:7WXHwZAkMEcjdLMtffv0jYj/di8sxEmXji:EwZwwv0MxTsx7e"	"1b19c146ef31d50a0187564098c48f53"
"2005-12-07T12:00:00Z"	"http://www.bestofbiz.com/topic11281.html"	"BestofBiz: the Business Information Site"	"BestofBiz: the Business Information Site Search ?Home ?Current Awareness ?Management Insights ?Research Tools ?Site Map ?About Us ?Research Tools General resources on banking systems and banking stati"	"192:BTuD5YqwlkMw8TAVaLjsghX9a9Cgh5oAythSGhfum0Duqyj0bAdIYAoaA7D9:BTdNw8TV00CLAjt9w9DuhXaA7D9"	"ff6518dce4d7686321dd4c4d3084df9f"
"2005-08-19T13:00:00Z"	"http://forum.mpacuk.org/showpost593c.html"	"MPACUK :: Discussion Forum - View Single Post - HT and there ilk at it again?"	"MPACUK :: Discussion Forum - View Single Post - HT and there ilk at it again? Thread: HT and there ilk at it again? View Single Post ? #39 ? 23-07-2005, 10:15 AM UmmZakariya Senior Moderator ? Join Da"	"24:5EHA6hf9WvS+wgRuF9jQfSBTybRpraftCXYJRPdj4cElmmP7XikuAjGFqF47VCRS:aHA6JkvWPbjXyVjORPdjfmjXluAji70"	"ac4b258c6d04af2752b0e21843276696"
"2005-08-26T13:00:00Z"	"http://forum.mpacuk.org/showpost9443-2.html"	"MPACUK :: Discussion Forum - View Single Post - The Muslim Unity Conference."	"MPACUK :: Discussion Forum - View Single Post - The Muslim Unity Conference. Thread: The Muslim Unity Conference. View Single Post ? #20 ? 03-08-2005, 12:05 PM MoonShine Senior Member ? Join Date: May"	"24:5smS+wdGA4ge+yaZxHjyd+MYRK4cRPS76s3sM3iPdUBEr3tqF5QqBqwCZSEkP:BS+wdMwHxOd+MYRK4iPU0M3MdbjOowC0"	"d4989e06c2cbe50b85beae2b07b2a509"
"2005-04-22T13:00:00Z"	"http://www.veritasparty.com/coppermine/login9dad.html"	"- Login"	"- Login Album list :: Login Last uploads :: Last comments :: Most viewed :: Top rated :: My Favorites :: Search Enter your username and password to login Username Password Remember me I forgot my pass"	"6:4SkjjffFSPKqfk9i8TNgLAUiS0+X9N9Q7XKXlKXZBKOLgj:4SkHUPn4/ULn67XKSij"	"35f533a3c08466ce3b8804d7f8fe282b"
"2005-08-12T13:00:00Z"	"http://forum.mpacuk.org/showpost8953.html"	"MPACUK :: Discussion Forum - View Single Post - Let's get into the nitty-gritty.... Evolution or Intelligent design?"	"MPACUK :: Discussion Forum - View Single Post - Let's get into the nitty-gritty.... Evolution or Intelligent design? Thread: Let's get into the nitty-gritty.... Evolution or Intelligent design? View S"	"24:59wNqHYrbNqHYPhdXsWGrIDMbiO2ZNqFHbc:QNq4bNqMhdXsWnDZxqg"	"8e8f481589679a583d20dca4dcf8f987"
"2005-11-17T12:00:00Z"	"http://www.alba.org.uk/paisleysouth/smears13.html"	"History of Paisley's darkest moments"	"History of Paisley's darkest momentsHistory of Paisley's darkest moments 'Mrs Adams first raised concerns regarding FCB in the House of Commons at the request of Strathclyde Police. The fact that ?320"	"192:5rdrtHc259TrLhGCJ88UBHe1Wu9Sv/7i9WUfpLCyUk:5tS2595J9I+36/e9/fpv"	"53608e63cf8f6645ddccaed74c9b354c"
"2005-08-18T13:00:00Z"	"http://www.met.police.uk/havering/hvc_kwikfit.htm"	"Havering Borough Police | Volunteer Cadets | Checking Vehicles"	"Havering Borough Police | Volunteer Cadets | Checking Vehicles ?home?|?about?|?news?|?contact?|?appeals?|?recruitment?|?crime?prevention?|?index?|?search? Havering Police In this section Havering Home"	"24:yYmXd1Z+8dTW1biXcXBbOSM/ZLoLTjxuccQpeavmEUk3p+tc:yYmXBD8ba4bOSuZLIjBcQpeavVsc"	"f6dcdc630a460f8c06d459cc174cf0c1"
"2005-01-25T12:00:00Z"	"http://www.dh.gov.uk/assetRoot/04/01/98/16/04019816.pdf"	"Microsoft Word - SMOKING IN PREGNANCY SERVICES 2002.doc"	"Microsoft Word - SMOKING IN PREGNANCY SERVICES 2002.docSMOKING IN PREGNANCY SERVICES 2002/03 1. A further ?3m has been allocated for 2002/3 for the continuation of the smoking in pregnancy initiative "	"48:zr3juZF1iiTMgHKqs1Jg9pyrK4qkQ90IMdVXPiBaFb9xokppT:zbjuZF1iSHFsDg9F4m99MdVXPiBal9xx"	"29bfe43bca4acd3afc3b84337ca33287"
"2005-09-09T13:00:00Z"	"http://www.mrc.ac.uk/scripts/texis.exe/webinator/search/redir5c97.html"	"Page has moved"	"Page has moved Click here... "	"3:K//MOULFn:K//H2"	"bfe2bda45a3ef54a16c353340789092a"
"2005-06-27T13:00:00Z"	"http://www.the-ba.net/BA/Templates/content/standardcontentb090.html"	"the-BA : Exeter Working Lunches"	"the-BA : Exeter Working Lunches ?Contact us? : ? Sitemap? : ? Our benefactors? : ? Help? ? Search Home Science in Society Working Lunches Exeter Working Lunches Scottish Working Lunches Salford Workin"	"48:R+Xj7bKSu9zjSvmPmYwvcbCLQFHXfg9Vzb86EDT9OSDGMqmVdA2+HhJ:Roj7bcPCsNwvcbCLQF2V1EDTXnad/"	"ed5c1e5703c9e1b62e4220ab6486ff8d"
"2005-09-09T13:00:00Z"	"http://www.mrc.ac.uk/txt/index/search.htm/indexee8b.html"	"Search"	" Search Medical Research Council ? ?Leading Science for Better Health Advanced Search Contact Help Site Map Downloads Electronic Application & Assessment Graphic version About MRC : Public Interest : "	"96:mexUOZ+pVDVYQGJm95gz0RKz0RsE5XT0O:DRsNVlG7zrzC5XQO"	"4a5dd10f9eb629f4bd979a8133089fa7"
"2005-01-14T12:00:00Z"	"http://www.krishnatemple.com/contact/contactinfo.html"	"Contact - information"	"Contact - information ? Upcoming Events College of Vedic Studies at the Manor Hare Krishna Maha Mantra Explained! Manor Youth Group - Pandava Sena George Harrison & Hare Krishna Frequently asked quest"	"24:/TGtBqGb2/WcdE3cpOjNahIcYVI3eoLa2AiRJ/iUVNrTb1J1dGOYYeGis2xCqit2:/TGeGEdqkKcY2e/2dxJJ1392cpt2"	"fa527973876abcab231febfd88bd2f41"
"2005-09-06T13:00:00Z"	"http://www.opsi.gov.uk/si/si2000/20001382.htm"	"Statutory Instrument 2000 No. 1382 (c. 41)"	"Statutory Instrument 2000 No. 1382 (c. 41) ? Statutory Instrument 2000 No. 1382 (c. 41)The Welfare Reform and Pensions Act 1999 (Commencement No. 7) Order 2000 ? Crown Copyright 2000 Statutory Instrum"	"192:pWic8WDQM1hhDv1NeWl7RdzRCCmEmH/cbmE/xmOX0EMrbnNpGwFIL:pFc8YQM3hKSRdzRIwR5M+BL"	"542e3c5067e7ea73a51508e13b7456c7"
"2005-05-27T13:00:00Z"	"http://www.veritasparty.com/coppermine/logina3a7.html"	"- Login"	"- Login Album list :: Login Last uploads :: Last comments :: Most viewed :: Top rated :: My Favorites :: Search Enter your username and password to login Username Password Remember me I forgot my pass"	"6:4SkjjffFSPKqfk9i8TNgLAUiS0+X9N9Q7XKXlKXZBKOLgj:4SkHUPn4/ULn67XKSij"	"bea1325ffe68a53764a88143fb703090"
"2005-11-16T12:00:00Z"	"http://www.drownedinsound.com/blogs/kerry/page/11.html"	"Drowned in Sound - Features - Blogs - kerry"	"Drowned in Sound - Features - Blogs - kerry Drowned in Sound - music community reviews News Reviews Features Listings Your site Shop Users Username: Password: or Sign up Search DiS News Xtra Mile go, "	"24:rgGJEFNWplXjDb770ceydjlR8eZ7ZEvQ14WKy:rgGONqXvb/05qpawi1y"	"d207c4b1052358536f5edff8a11e556f"
"2005-10-18T13:00:00Z"	"http://www.met.police.uk/camden/camstats/2002-3/6-02/PolSectAOC_Dis.htm"	"The Metropolitan Police Service - Other Accepted Crime for Police Sectors , June 2002"	"The Metropolitan Police Service - Other Accepted Crime for Police Sectors , June 2002 ?home?|?about?|?news?|?contact?|?appeals?|?recruitment?|?crime?prevention?|?index?|?search? Camden Borough - Other"	"24:ji1DQGUhTd1aQpgUQncs0wEQgUQnfM1QFgTamRtKh4uh+TnoeW/XpbU08zV6yoa4:8DQGUxCQpgUQ/p/gUQfM1OgTa2+onLWv"	"723fbf670699596315ce4f5feae83bf7"
"2005-07-22T13:00:00Z"	"http://forum.mpacuk.org/showthread9c53.html"	"MPACUK :: Discussion Forum - Musharraff goes on a Trip - Ministers destroy Pakistans Image!"	"MPACUK :: Discussion Forum - Musharraff goes on a Trip - Ministers destroy Pakistans Image! ? Home Join Us Donate Today Chat[0] Register FAQ Calendar Search Today's Posts Mark Forums Read ? ? MPACUK :"	"384:JOCGBK6mCTQzyQzVlL3XTo2563A3w4YtVfMuPlbPlKD90bOdY3/EBMnRn+h3GGwj:J3GHmLzlhEkoEnh3alb"	"dada32884db20d802f7044d53f53ed2e"
"2005-12-02T12:00:00Z"	"http://www.defra.gov.uk/corporate/consult/combust-incinerate/aq-pg1-4.pdf"	"Environmental protection Act 1990, Part 1, Part B ? Process guidance notes"	"Environmental protection Act 1990, Part 1, Part B ? Process guidance notesLocal Authority Unit, Environment Agency Assessment for second revision of PG1/4, Process guidance note for Part B null Enviro"	"384:DYrHeJUljj03Ot7NNgKPEsniCVMuzOtRk7CX0T65Ze8FFI7NjAwmLM:DYrVjXtgKPEqbVMq7CX3ZNFq/"	"4281fd9e6f4be54130a0195c2498f8bb"
"2005-03-10T12:00:00Z"	"http://www.plaidcymru.org/press040427d.html"	"Plaid Cymru - The Party of Wales - PlaidCymru.org Press Release"	"Plaid Cymru - The Party of Wales - PlaidCymru.org Press Release Ebrill 27ain.....April 27th 2004 Wales should lead digital switchover, says Plaid MP Plaid Cymru's parliamentary spokesperson on the med"	"48:j/ldeSmx/OvShADXMZNSKUW5GTLH9Ur4jhXbV:jNdeSmx/NhE8ZN+797jZbV"	"fb3b6fee31caf6331dc19415f8420375"
